,amount,close,count,high,id,low,open,vol,date
0,20870.025741654328,9263.16,42106,9350.17,1572555600,9150.0,9318.05,1926428,2019-11-01 05:00:00
1,5345.208173777368,9265.65,9602,9291.83,1572559200,9230.04,9263.71,495124,2019-11-01 06:00:00
2,7350.226287840223,9290.13,13097,9305.83,1572562800,9253.01,9265.78,682462,2019-11-01 07:00:00
3,11888.363449522532,9266.87,20191,9293.17,1572566400,9245.07,9290.12,1101048,2019-11-01 08:00:00
4,6999.403461095038,9237.75,13469,9288.0,1572570000,9233.33,9267.96,647912,2019-11-01 09:00:00
5,12077.948980132021,9267.91,24583,9285.99,1572573600,9202.91,9237.74,1116014,2019-11-01 10:00:00
6,10666.118537301525,9214.95,22164,9267.7,1572577200,9190.0,9267.7,983428,2019-11-01 11:00:00
7,8386.503156684481,9224.42,18523,9250.0,1572580800,9185.0,9214.95,773128,2019-11-01 12:00:00
8,6299.752276744711,9224.99,13572,9256.19,1572584400,9221.0,9224.42,582098,2019-11-01 13:00:00
9,8067.630716961797,9267.63,16286,9287.43,1572588000,9218.0,9224.98,746634,2019-11-01 14:00:00
10,6409.772616485551,9258.81,13241,9280.23,1572591600,9240.0,9267.64,593134,2019-11-01 15:00:00
11,15903.367062682524,9283.85,31144,9336.02,1572595200,9255.66,9258.62,1477112,2019-11-01 16:00:00
12,8454.814699481976,9247.64,19019,9285.48,1572598800,9230.68,9283.5,782500,2019-11-01 17:00:00
13,11417.269482221385,9307.98,23793,9335.0,1572602400,9242.0,9247.63,1060504,2019-11-01 18:00:00
14,40698.30654595794,9315.81,73047,9450.0,1572606000,9284.0,9307.98,3811880,2019-11-01 19:00:00
15,14248.847497533887,9338.78,27854,9361.0,1572609600,9280.0,9315.81,1328184,2019-11-01 20:00:00
16,28249.134896120348,9254.22,51791,9375.35,1572613200,9210.98,9339.68,2619094,2019-11-01 21:00:00
17,12189.511786701043,9262.27,24219,9279.34,1572616800,9214.59,9254.22,1126844,2019-11-01 22:00:00
18,23394.09938330525,9224.79,43310,9399.0,1572620400,9218.0,9262.27,2176546,2019-11-01 23:00:00
19,19313.906819735545,9298.0,38645,9343.89,1572624000,9200.0,9224.79,1786366,2019-11-02 00:00:00
20,9294.158508397784,9305.67,18316,9350.0,1572627600,9282.52,9297.6,865452,2019-11-02 01:00:00
21,6168.592931287646,9333.12,12991,9350.0,1572631200,9300.0,9305.67,574982,2019-11-02 02:00:00
22,4179.317840923652,9316.06,9236,9360.0,1572634800,9305.8,9334.41,390038,2019-11-02 03:00:00
23,3664.304364190164,9344.33,10053,9358.0,1572638400,9314.33,9315.39,342180,2019-11-02 04:00:00
24,9236.341717486815,9416.84,22321,9430.0,1572642000,9326.2,9343.79,866498,2019-11-02 05:00:00
25,9793.434701415861,9346.66,21059,9437.0,1572645600,9338.64,9416.85,918808,2019-11-02 06:00:00
26,6549.7891524760735,9388.25,15194,9406.0,1572649200,9340.55,9346.66,614598,2019-11-02 07:00:00
27,8094.601740890244,9408.2,19306,9424.93,1572652800,9374.0,9388.26,761040,2019-11-02 08:00:00
28,9967.512525794278,9395.76,25140,9433.61,1572656400,9385.0,9408.2,937808,2019-11-02 09:00:00
29,7545.569472662595,9412.71,16212,9412.71,1572660000,9364.0,9395.77,708334,2019-11-02 10:00:00
30,5340.411004395431,9403.42,13538,9425.0,1572663600,9390.0,9412.7,502312,2019-11-02 11:00:00
31,8314.729495594378,9354.83,16225,9410.0,1572667200,9352.22,9403.42,779318,2019-11-02 12:00:00
32,5676.01938452299,9368.19,12650,9386.83,1572670800,9346.49,9354.83,531662,2019-11-02 13:00:00
33,5116.73501138317,9358.52,12969,9381.88,1572674400,9345.0,9368.2,478874,2019-11-02 14:00:00
34,3239.5371888765612,9370.3,8665,9377.39,1572678000,9345.18,9358.52,303264,2019-11-02 15:00:00
35,7159.490470906838,9353.2,16835,9398.39,1572681600,9349.1,9370.3,670776,2019-11-02 16:00:00
36,3726.9555051085867,9362.85,9891,9376.0,1572685200,9353.2,9353.2,349130,2019-11-02 17:00:00
37,3719.460899755965,9375.33,8376,9382.04,1572688800,9357.48,9362.86,348494,2019-11-02 18:00:00
38,9022.480522297004,9398.13,22126,9430.0,1572692400,9375.33,9375.33,847994,2019-11-02 19:00:00
39,29709.763148347905,9486.74,53604,9515.03,1572696000,9357.11,9398.69,2803848,2019-11-02 20:00:00
40,21995.137949163913,9510.75,42244,9531.54,1572699600,9453.0,9484.36,2087336,2019-11-02 21:00:00
41,9151.761572213863,9469.99,22317,9515.53,1572703200,9469.99,9510.75,868486,2019-11-02 22:00:00
42,11211.084297980648,9479.0,23962,9484.27,1572706800,9422.08,9470.0,1059960,2019-11-02 23:00:00
43,7526.441666672458,9469.95,19633,9499.0,1572710400,9451.61,9479.0,713230,2019-11-03 00:00:00
44,6488.552942844159,9442.01,13904,9488.62,1572714000,9440.72,9469.96,613928,2019-11-03 01:00:00
45,4306.077935892748,9444.87,11460,9460.0,1572717600,9422.71,9442.01,406528,2019-11-03 02:00:00
46,3332.868257899581,9475.66,9733,9477.0,1572721200,9425.0,9444.86,315136,2019-11-03 03:00:00
47,2072.5049936062087,9464.91,6316,9475.66,1572724800,9438.71,9475.66,195936,2019-11-03 04:00:00
48,1736.533367353072,9430.83,6003,9464.91,1572728400,9430.0,9464.91,163958,2019-11-03 05:00:00
49,1409.6648181477422,9446.66,4335,9456.36,1572732000,9423.85,9430.83,133080,2019-11-03 06:00:00
50,2180.942738733534,9452.94,6103,9456.38,1572735600,9435.2,9446.65,206012,2019-11-03 07:00:00
51,5722.584037670246,9460.34,13539,9500.0,1572739200,9452.69,9452.95,542088,2019-11-03 08:00:00
52,2843.979385665237,9472.6,6318,9474.0,1572742800,9455.41,9460.34,269188,2019-11-03 09:00:00
53,10154.947820969075,9517.55,21711,9524.0,1572746400,9469.76,9472.73,964578,2019-11-03 10:00:00
54,8406.26067819228,9487.44,16105,9521.54,1572750000,9478.0,9517.55,797852,2019-11-03 11:00:00
55,21235.97063579675,9412.23,35248,9487.44,1572753600,9373.62,9487.43,2001986,2019-11-03 12:00:00
56,10587.004293904543,9414.11,19537,9422.59,1572757200,9377.96,9412.24,995664,2019-11-03 13:00:00
57,5226.556856925104,9406.34,10207,9428.0,1572760800,9401.0,9414.31,492070,2019-11-03 14:00:00
58,4950.475038802285,9392.0,8850,9415.35,1572764400,9390.0,9406.33,465554,2019-11-03 15:00:00
59,16426.551013042827,9355.65,27212,9392.48,1572768000,9324.0,9392.01,1538190,2019-11-03 16:00:00
60,6577.826080759557,9361.22,13220,9385.0,1572771600,9345.5,9357.6,616142,2019-11-03 17:00:00
61,21797.333862144,9285.85,38456,9361.22,1572775200,9250.0,9361.21,2025166,2019-11-03 18:00:00
62,8818.309440257364,9297.77,16397,9312.17,1572778800,9260.51,9285.86,819010,2019-11-03 19:00:00
63,13421.50606850725,9285.39,22843,9299.0,1572782400,9231.71,9297.77,1244208,2019-11-03 20:00:00
64,6715.530971993477,9295.64,12655,9310.0,1572786000,9260.27,9285.38,623686,2019-11-03 21:00:00
65,8907.425138208866,9271.57,18194,9318.0,1572789600,9263.17,9295.64,827190,2019-11-03 22:00:00
66,5377.62351788396,9305.52,12604,9308.34,1572793200,9255.0,9271.57,499578,2019-11-03 23:00:00
67,6431.312634520668,9288.02,11227,9305.28,1572796800,9265.0,9305.27,597448,2019-11-04 00:00:00
68,7958.777748647654,9281.27,16086,9289.55,1572800400,9238.9,9288.07,737140,2019-11-04 01:00:00
69,2476.0696039445825,9279.99,5934,9282.09,1572804000,9252.79,9281.28,229472,2019-11-04 02:00:00
70,1916.9946938771327,9252.95,4243,9293.0,1572807600,9252.94,9279.99,177874,2019-11-04 03:00:00
71,1874.572953858495,9266.67,5164,9279.99,1572811200,9252.95,9252.95,173750,2019-11-04 04:00:00
72,11338.723428435573,9270.37,19880,9295.0,1572814800,9181.0,9266.67,1046384,2019-11-04 05:00:00
73,8787.256280434856,9335.0,18054,9346.0,1572818400,9267.25,9270.38,818454,2019-11-04 06:00:00
74,8685.566204836154,9320.39,16770,9370.0,1572822000,9311.88,9335.0,810970,2019-11-04 07:00:00
75,7175.3524775349815,9287.8,13183,9335.84,1572825600,9268.96,9320.4,667236,2019-11-04 08:00:00
76,6095.4141464166805,9289.62,12161,9294.61,1572829200,9260.0,9287.79,565596,2019-11-04 09:00:00
77,6218.215649122353,9279.99,11749,9312.21,1572832800,9269.52,9289.62,577918,2019-11-04 10:00:00
78,5572.525874093707,9278.82,10912,9295.0,1572836400,9258.88,9279.99,516880,2019-11-04 11:00:00
79,5090.6056555560035,9256.56,12439,9278.83,1572840000,9240.0,9278.82,471368,2019-11-04 12:00:00
80,4126.309900796154,9264.98,8932,9276.0,1572843600,9251.76,9256.56,382346,2019-11-04 13:00:00
81,7304.376070904156,9286.2,14422,9300.0,1572847200,9259.99,9264.98,678330,2019-11-04 14:00:00
82,9680.497140977097,9304.49,18945,9326.27,1572850800,9286.21,9286.21,901072,2019-11-04 15:00:00
83,10231.140797315407,9274.0,17064,9320.87,1572854400,9271.11,9304.5,950844,2019-11-04 16:00:00
84,4762.486794309931,9299.87,13039,9300.0,1572858000,9273.99,9273.99,442288,2019-11-04 17:00:00
85,18636.184895081235,9340.74,32052,9357.0,1572861600,9299.87,9299.87,1739470,2019-11-04 18:00:00
86,24435.887838007304,9421.12,42725,9433.65,1572865200,9340.74,9340.75,2294150,2019-11-04 19:00:00
87,20154.968854690607,9394.61,33956,9445.83,1572868800,9393.0,9421.12,1896458,2019-11-04 20:00:00
88,8371.23541764939,9404.65,17326,9423.23,1572872400,9394.61,9394.62,787460,2019-11-04 21:00:00
89,21543.377376572687,9470.9,40145,9498.0,1572876000,9404.65,9404.66,2036378,2019-11-04 22:00:00
90,23314.230395930408,9481.09,30022,9486.68,1572879600,9461.0,9470.89,2207604,2019-11-04 23:00:00
91,19303.562070106018,9484.55,30417,9526.0,1572883200,9471.0,9481.1,1832770,2019-11-05 00:00:00
92,6695.954780959455,9505.99,13184,9517.08,1572886800,9482.88,9484.55,636138,2019-11-05 01:00:00
93,11405.006775516524,9451.3,17312,9506.76,1572890400,9442.32,9506.0,1080166,2019-11-05 02:00:00
94,6175.728969803162,9443.0,14001,9472.93,1572894000,9430.0,9450.85,583368,2019-11-05 03:00:00
95,57069.25181155025,9691.32,80978,9856.0,1572897600,9442.99,9443.0,5533242,2019-11-05 04:00:00
96,9883.279446685317,9643.0,16382,9709.48,1572901200,9643.0,9690.72,956058,2019-11-05 05:00:00
97,13937.952032258325,9584.44,28275,9657.99,1572904800,9567.82,9643.0,1339064,2019-11-05 06:00:00
98,9980.42964646391,9626.44,20415,9646.79,1572908400,9576.77,9584.77,960574,2019-11-05 07:00:00
99,9405.497996961109,9593.14,19161,9627.2,1572912000,9577.66,9627.2,902522,2019-11-05 08:00:00
100,14491.234299619502,9655.72,26078,9678.65,1572915600,9593.14,9593.14,1397228,2019-11-05 09:00:00
101,13228.557731619796,9659.57,24745,9690.34,1572919200,9626.31,9655.61,1277370,2019-11-05 10:00:00
102,8083.712243713873,9625.51,17208,9659.58,1572922800,9604.63,9659.57,778266,2019-11-05 11:00:00
103,8880.200387399384,9595.48,17509,9625.51,1572926400,9575.0,9625.5,851996,2019-11-05 12:00:00
104,6828.234057136345,9603.88,15539,9624.09,1572930000,9582.99,9595.48,655572,2019-11-05 13:00:00
105,28423.013223255806,9489.55,44913,9603.89,1572933600,9483.72,9603.89,2708306,2019-11-05 14:00:00
106,42039.61165864327,9407.36,67199,9489.56,1572937200,9350.0,9489.55,3951832,2019-11-05 15:00:00
107,12122.897221706213,9411.0,23321,9440.0,1572940800,9372.14,9407.36,1141042,2019-11-05 16:00:00
108,24890.020801167047,9473.31,42570,9516.93,1572944400,9405.2,9410.89,2357766,2019-11-05 17:00:00
109,12407.638886054301,9453.49,22255,9490.01,1572948000,9444.49,9472.73,1174136,2019-11-05 18:00:00
110,7034.266314592697,9467.07,14899,9483.14,1572951600,9440.1,9453.49,665748,2019-11-05 19:00:00
111,9719.829634807864,9482.4,20389,9518.0,1572955200,9455.91,9467.07,922682,2019-11-05 20:00:00
112,14164.113963855601,9415.38,26264,9500.0,1572958800,9400.0,9482.4,1338768,2019-11-05 21:00:00
113,29141.901037785537,9537.89,45912,9578.33,1572962400,9415.44,9415.45,2769964,2019-11-05 22:00:00
114,16469.132102421063,9571.99,33444,9590.0,1572966000,9516.09,9537.89,1573526,2019-11-05 23:00:00
115,21507.44493335956,9536.68,36838,9591.2,1572969600,9433.0,9571.99,2049340,2019-11-06 00:00:00
116,8368.34232481741,9541.2,17668,9587.84,1572973200,9522.87,9536.18,800274,2019-11-06 01:00:00
117,3552.7120790432937,9536.07,8469,9565.83,1572976800,9530.05,9541.2,339254,2019-11-06 02:00:00
118,5210.966116737489,9588.16,9858,9620.0,1572980400,9534.13,9536.07,498676,2019-11-06 03:00:00
119,10166.339073310106,9552.57,19589,9627.26,1572984000,9500.0,9588.14,970882,2019-11-06 04:00:00
120,3043.6208753566266,9538.78,6504,9599.0,1572987600,9534.21,9553.16,290964,2019-11-06 05:00:00
121,4988.971726272878,9508.5,11800,9545.18,1572991200,9480.23,9538.78,474106,2019-11-06 06:00:00
122,6279.73334590152,9502.05,13452,9535.0,1572994800,9485.0,9508.51,597404,2019-11-06 07:00:00
123,8497.306950177323,9482.83,18015,9518.0,1572998400,9462.0,9502.05,806440,2019-11-06 08:00:00
124,8850.623368367367,9498.81,15336,9499.99,1573002000,9455.0,9482.82,838218,2019-11-06 09:00:00
125,7532.32908926508,9490.0,13600,9528.0,1573005600,9489.01,9498.8,716098,2019-11-06 10:00:00
126,6581.1618724429145,9501.33,14777,9505.0,1573009200,9466.85,9490.0,623998,2019-11-06 11:00:00
127,13930.283790074753,9539.73,23100,9540.0,1573012800,9493.58,9502.24,1325830,2019-11-06 12:00:00
128,9952.941436883895,9531.31,19013,9554.96,1573016400,9508.31,9539.74,949032,2019-11-06 13:00:00
129,17821.770308011637,9585.0,30011,9596.64,1573020000,9514.9,9531.32,1703950,2019-11-06 14:00:00
130,19429.806348658298,9594.32,34079,9650.0,1573023600,9563.34,9585.0,1865114,2019-11-06 15:00:00
131,7757.665586713275,9602.5,18131,9609.85,1573027200,9567.72,9593.4,743930,2019-11-06 16:00:00
132,14069.657803152091,9541.33,26797,9602.51,1573030800,9530.0,9602.5,1344988,2019-11-06 17:00:00
133,13449.750393438582,9536.18,25361,9566.17,1573034400,9512.82,9541.25,1282694,2019-11-06 18:00:00
134,10479.222868924377,9559.37,19145,9590.0,1573038000,9522.93,9536.18,1001528,2019-11-06 19:00:00
135,9921.118193612641,9543.18,20905,9582.94,1573041600,9520.0,9559.37,946720,2019-11-06 20:00:00
136,12485.548524269876,9501.69,22367,9549.98,1573045200,9488.13,9543.18,1188798,2019-11-06 21:00:00
137,9843.385367098084,9508.16,18161,9542.66,1573048800,9488.97,9501.7,936548,2019-11-06 22:00:00
138,5551.980553107071,9522.53,12845,9540.0,1573052400,9506.0,9508.16,528852,2019-11-06 23:00:00
139,9087.60139444408,9501.51,16668,9522.53,1573056000,9463.52,9522.53,862518,2019-11-07 00:00:00
140,9576.340802241259,9473.9,16623,9502.18,1573059600,9420.0,9501.52,905670,2019-11-07 01:00:00
141,3949.138795459654,9490.95,7819,9494.62,1573063200,9451.95,9473.89,374064,2019-11-07 02:00:00
142,2273.3785961085096,9477.67,5423,9510.0,1573066800,9477.67,9490.95,215794,2019-11-07 03:00:00
143,2999.147191888434,9470.39,6830,9489.31,1573070400,9453.01,9477.61,284062,2019-11-07 04:00:00
144,3144.9900177103846,9507.81,6012,9510.0,1573074000,9470.39,9470.39,298662,2019-11-07 05:00:00
145,4061.496871443254,9533.0,9805,9545.0,1573077600,9501.81,9507.81,386932,2019-11-07 06:00:00
146,7046.640876528506,9531.13,13951,9555.0,1573081200,9526.94,9533.0,672574,2019-11-07 07:00:00
147,5124.568357029778,9538.0,11530,9544.99,1573084800,9513.76,9531.34,488390,2019-11-07 08:00:00
148,12620.315578930444,9504.5,23254,9568.0,1573088400,9482.21,9538.0,1202202,2019-11-07 09:00:00
149,15953.777094921094,9481.17,27791,9510.0,1573092000,9445.0,9504.49,1511364,2019-11-07 10:00:00
150,6038.665003072416,9480.36,12143,9493.67,1573095600,9461.99,9481.17,572432,2019-11-07 11:00:00
151,5254.756723813444,9471.22,11239,9491.99,1573099200,9464.12,9480.36,498200,2019-11-07 12:00:00
152,11149.981965916037,9488.81,22128,9491.24,1573102800,9440.0,9471.22,1055228,2019-11-07 13:00:00
153,4807.659983639805,9466.63,10315,9488.81,1573106400,9461.0,9488.81,455466,2019-11-07 14:00:00
154,18531.466239886442,9445.13,27467,9482.36,1573110000,9400.0,9467.64,1749198,2019-11-07 15:00:00
155,10155.634457745115,9436.24,18246,9458.0,1573113600,9416.0,9445.58,958338,2019-11-07 16:00:00
156,10248.168775067665,9404.29,22599,9440.28,1573117200,9401.11,9436.24,965474,2019-11-07 17:00:00
157,29727.67599771628,9380.94,46408,9408.89,1573120800,9322.2,9404.28,2784124,2019-11-07 18:00:00
158,10053.513671728204,9367.83,18575,9398.0,1573124400,9353.17,9380.93,942462,2019-11-07 19:00:00
159,13984.354869936982,9357.72,25589,9384.21,1573128000,9320.21,9368.15,1307772,2019-11-07 20:00:00
160,12242.186463035108,9374.81,21174,9405.52,1573131600,9340.49,9357.71,1148138,2019-11-07 21:00:00
161,9101.38277048522,9396.0,17558,9412.97,1573135200,9356.99,9374.8,854220,2019-11-07 22:00:00
162,6440.348659995637,9357.97,14725,9403.1,1573138800,9351.0,9396.0,603830,2019-11-07 23:00:00
163,7876.308688337806,9374.53,16586,9406.62,1573142400,9345.0,9357.98,738570,2019-11-08 00:00:00
164,2433.153475757928,9366.57,5621,9384.59,1573146000,9359.23,9374.52,228064,2019-11-08 01:00:00
165,2106.0740220052608,9374.97,5589,9376.92,1573149600,9354.32,9366.57,197272,2019-11-08 02:00:00
166,1718.4816232151713,9363.21,4600,9385.7,1573153200,9362.79,9374.97,161078,2019-11-08 03:00:00
167,2860.896672142855,9356.22,5964,9381.13,1573156800,9344.93,9362.9,267760,2019-11-08 04:00:00
168,16525.335735095072,9398.01,28537,9398.01,1573160400,9255.0,9356.21,1541392,2019-11-08 05:00:00
169,7684.824042761054,9407.05,15249,9436.0,1573164000,9384.82,9398.02,723110,2019-11-08 06:00:00
170,3774.9480611766458,9386.36,8287,9410.1,1573167600,9372.49,9406.5,354600,2019-11-08 07:00:00
171,5449.466971038129,9378.8,12131,9389.45,1573171200,9351.0,9386.92,510606,2019-11-08 08:00:00
172,7951.436492321828,9397.77,13952,9412.99,1573174800,9378.8,9378.81,747558,2019-11-08 09:00:00
173,9204.035110594054,9422.84,15072,9440.39,1573178400,9388.23,9397.76,866922,2019-11-08 10:00:00
174,3801.0226685765924,9414.59,9385,9426.76,1573182000,9406.98,9422.84,357904,2019-11-08 11:00:00
175,8969.271606879869,9393.33,19784,9433.31,1573185600,9389.28,9414.6,844052,2019-11-08 12:00:00
176,9902.483520272444,9383.61,17466,9409.97,1573189200,9361.64,9393.32,928996,2019-11-08 13:00:00
177,7564.245862275451,9366.03,14325,9387.32,1573192800,9351.43,9383.61,708582,2019-11-08 14:00:00
178,20468.507492916528,9326.66,34994,9383.14,1573196400,9300.0,9366.04,1911710,2019-11-08 15:00:00
179,36060.561236445064,9255.79,58381,9360.0,1573200000,9221.0,9326.66,3344816,2019-11-08 16:00:00
180,53367.94433065242,9210.43,74862,9255.79,1573203600,9108.0,9255.78,4900214,2019-11-08 17:00:00
181,11645.467969261043,9196.4,20948,9221.01,1573207200,9171.75,9210.43,1070890,2019-11-08 18:00:00
182,9444.943267347915,9194.24,19474,9238.0,1573210800,9185.0,9196.39,869934,2019-11-08 19:00:00
183,12270.69382065609,9172.66,20704,9200.0,1573214400,9151.21,9194.24,1126454,2019-11-08 20:00:00
184,82981.14859221347,8943.57,116141,9172.99,1573218000,8801.0,9172.96,7460222,2019-11-08 21:00:00
185,49022.802328958445,8887.02,74350,8977.0,1573221600,8755.0,8943.57,4354520,2019-11-08 22:00:00
186,24034.27588985676,8919.92,40299,8920.0,1573225200,8833.0,8887.01,2132860,2019-11-08 23:00:00
187,21869.175046582775,8860.44,37859,8920.0,1573228800,8810.0,8919.93,1940332,2019-11-09 00:00:00
188,9805.045846836923,8880.01,16039,8890.0,1573232400,8852.65,8860.44,869920,2019-11-09 01:00:00
189,8940.000437319937,8921.56,16222,8957.62,1573236000,8875.08,8880.0,797140,2019-11-09 02:00:00
190,5198.326146418056,8908.14,10211,8944.99,1573239600,8896.85,8920.95,463656,2019-11-09 03:00:00
191,4597.037357275899,8916.23,7318,8949.0,1573243200,8904.23,8908.15,410394,2019-11-09 04:00:00
192,9667.532643737855,8984.36,13980,9008.0,1573246800,8916.23,8916.23,867716,2019-11-09 05:00:00
193,4736.2756496346365,8910.31,10831,8987.74,1573250400,8909.94,8984.82,423904,2019-11-09 06:00:00
194,8170.382506300426,8879.98,13900,8942.15,1573254000,8875.45,8910.31,727722,2019-11-09 07:00:00
195,11834.401842069405,8918.92,21988,8937.0,1573257600,8835.0,8879.98,1051814,2019-11-09 08:00:00
196,6990.7889750981385,8907.69,14393,8937.82,1573261200,8889.99,8918.93,623118,2019-11-09 09:00:00
197,7312.035248644901,8918.4,15360,8928.0,1573264800,8892.11,8907.69,651368,2019-11-09 10:00:00
198,7236.529094224207,8942.32,15120,8945.0,1573268400,8915.31,8918.39,646268,2019-11-09 11:00:00
199,4533.549402298049,8932.06,10446,8942.54,1573272000,8911.85,8942.33,404628,2019-11-09 12:00:00
200,3827.766367475111,8930.04,9932,8944.8,1573275600,8920.51,8932.96,341954,2019-11-09 13:00:00
201,12192.226908749115,8969.69,25638,8980.0,1573279200,8929.71,8929.71,1092904,2019-11-09 14:00:00
202,8224.68463973569,8915.52,16635,8979.83,1573282800,8903.13,8969.7,735534,2019-11-09 15:00:00
203,7958.429186898157,8909.94,17130,8929.5,1573286400,8898.0,8915.51,709358,2019-11-09 16:00:00
204,5629.153365140487,8924.18,11997,8946.0,1573290000,8909.94,8909.94,502826,2019-11-09 17:00:00
205,6435.488340082808,8942.05,14642,8957.45,1573293600,8921.0,8924.19,575520,2019-11-09 18:00:00
206,5670.001259335463,8910.71,12232,8950.25,1573297200,8902.0,8942.05,505976,2019-11-09 19:00:00
207,6648.792446505698,8936.1,15202,8953.0,1573300800,8907.52,8910.71,594108,2019-11-09 20:00:00
208,8131.940811481676,8952.54,16952,8971.76,1573304400,8924.0,8935.99,727490,2019-11-09 21:00:00
209,16570.067756883895,8912.24,29035,8965.0,1573308000,8861.0,8952.54,1477702,2019-11-09 22:00:00
210,10773.105347643146,8889.74,21713,8923.46,1573311600,8865.0,8912.24,957816,2019-11-09 23:00:00
211,22653.63587956532,8834.88,43325,8920.59,1573315200,8806.48,8889.74,2005940,2019-11-10 00:00:00
212,8818.382406354,8851.64,16140,8868.39,1573318800,8824.39,8834.88,780128,2019-11-10 01:00:00
213,2972.732921799818,8842.05,7092,8862.7,1573322400,8837.7,8851.69,263178,2019-11-10 02:00:00
214,1624.9320497534095,8834.44,4031,8853.55,1573326000,8834.12,8842.05,143724,2019-11-10 03:00:00
215,3449.973056624015,8860.16,7251,8870.0,1573329600,8834.44,8834.44,305482,2019-11-10 04:00:00
216,2557.317353057971,8887.27,6327,8890.4,1573333200,8860.25,8860.25,226990,2019-11-10 05:00:00
217,4749.723880571784,8880.11,10571,8900.0,1573336800,8851.01,8889.17,421836,2019-11-10 06:00:00
218,5955.1779097069775,8897.69,10486,8919.17,1573340400,8879.19,8880.11,530026,2019-11-10 07:00:00
219,5574.099319474048,8859.83,9335,8899.37,1573344000,8850.0,8898.0,494922,2019-11-10 08:00:00
220,7310.759440218078,8866.31,12675,8879.98,1573347600,8848.11,8859.26,648032,2019-11-10 09:00:00
221,5326.752991524156,8855.44,10709,8875.0,1573351200,8841.1,8866.32,471726,2019-11-10 10:00:00
222,4199.214651792587,8859.99,9217,8863.2,1573354800,8837.4,8855.16,371656,2019-11-10 11:00:00
223,5119.01017576818,8872.28,11783,8887.8,1573358400,8859.99,8859.99,454228,2019-11-10 12:00:00
224,21017.03009753882,8959.99,34012,8967.19,1573362000,8870.8,8872.27,1875346,2019-11-10 13:00:00
225,16334.568309299404,8947.4,26728,9003.88,1573365600,8930.0,8959.99,1463544,2019-11-10 14:00:00
226,4724.328442173256,8947.94,10042,8958.0,1573369200,8930.43,8947.41,422606,2019-11-10 15:00:00
227,10876.189621368305,8920.07,18403,8978.86,1573372800,8914.89,8947.95,972416,2019-11-10 16:00:00
228,6391.855481885654,8923.11,11354,8947.51,1573376400,8907.97,8920.07,570684,2019-11-10 17:00:00
229,6314.368023344657,8948.31,11813,8956.02,1573380000,8915.5,8923.11,564334,2019-11-10 18:00:00
230,6015.237508614501,8924.32,12776,8959.0,1573383600,8916.0,8948.32,537808,2019-11-10 19:00:00
231,4725.152282574169,8930.61,9574,8953.44,1573387200,8923.25,8924.31,422384,2019-11-10 20:00:00
232,12821.323449164289,8893.65,22079,8937.35,1573390800,8878.0,8930.61,1141232,2019-11-10 21:00:00
233,9691.831181379446,8914.94,17988,8919.6,1573394400,8867.18,8893.64,862462,2019-11-10 22:00:00
234,6364.077976614596,8889.65,12578,8916.27,1573398000,8877.44,8914.93,566198,2019-11-10 23:00:00
235,75067.25577685895,9135.24,111210,9300.0,1573401600,8873.93,8888.42,6854210,2019-11-11 00:00:00
236,13429.206253492597,9146.91,24712,9176.06,1573405200,9125.35,9135.23,1228250,2019-11-11 01:00:00
237,4404.702732471786,9146.31,9829,9167.88,1573408800,9135.0,9146.91,402968,2019-11-11 02:00:00
238,2779.02149363184,9154.35,5845,9169.0,1573412400,9136.01,9146.31,254286,2019-11-11 03:00:00
239,3198.3653438468345,9132.71,7307,9173.63,1573416000,9130.58,9154.35,292578,2019-11-11 04:00:00
240,3321.4734475398145,9136.58,8031,9146.22,1573419600,9121.0,9132.71,303338,2019-11-11 05:00:00
241,5348.085002097417,9181.06,11106,9200.0,1573423200,9134.47,9136.57,490554,2019-11-11 06:00:00
242,6643.125891851237,9135.82,17185,9200.0,1573426800,9125.0,9181.05,608074,2019-11-11 07:00:00
243,4456.44902207944,9147.28,10613,9157.8,1573430400,9122.71,9135.83,407416,2019-11-11 08:00:00
244,6080.010841076132,9173.72,11260,9178.0,1573434000,9133.25,9147.28,556632,2019-11-11 09:00:00
245,6403.794329621223,9159.92,11683,9182.57,1573437600,9142.79,9173.72,586812,2019-11-11 10:00:00
246,9120.105642821127,9128.94,16993,9159.92,1573441200,9116.19,9159.92,833070,2019-11-11 11:00:00
247,21512.97666482354,9056.26,31166,9143.0,1573444800,9031.0,9128.94,1952594,2019-11-11 12:00:00
248,20736.358084969055,9006.11,31645,9074.09,1573448400,8960.0,9056.26,1868492,2019-11-11 13:00:00
249,39540.22079598761,8880.34,56706,9006.11,1573452000,8810.0,9006.11,3520954,2019-11-11 14:00:00
250,17593.55864835501,8902.62,27519,8918.0,1573455600,8850.0,8880.28,1563972,2019-11-11 15:00:00
251,9490.53811725206,8856.87,20057,8902.63,1573459200,8851.0,8902.63,842388,2019-11-11 16:00:00
252,46644.90154575574,8736.14,67764,8856.86,1573462800,8638.73,8856.86,4084320,2019-11-11 17:00:00
253,22132.03255330815,8796.62,35959,8809.62,1573466400,8707.87,8736.14,1941722,2019-11-11 18:00:00
254,12017.726568592494,8809.48,24286,8828.8,1573470000,8755.0,8796.62,1056770,2019-11-11 19:00:00
255,8083.0533351659315,8798.13,17140,8814.51,1573473600,8772.26,8809.49,710540,2019-11-11 20:00:00
256,7067.1234765560785,8805.01,13299,8813.2,1573477200,8768.0,8798.12,621106,2019-11-11 21:00:00
257,9410.675197091823,8830.74,19144,8838.8,1573480800,8785.38,8805.0,829688,2019-11-11 22:00:00
258,10138.251970842715,8805.0,20040,8832.04,1573484400,8770.0,8830.75,892610,2019-11-11 23:00:00
259,7395.361652683529,8814.59,15747,8835.0,1573488000,8779.21,8805.0,651892,2019-11-12 00:00:00
260,3467.467814312992,8817.59,7573,8829.5,1573491600,8797.0,8814.59,305600,2019-11-12 01:00:00
261,5727.26877752487,8849.77,11203,8877.0,1573495200,8804.18,8817.59,506692,2019-11-12 02:00:00
262,4158.372331931851,8845.02,8149,8855.25,1573498800,8811.18,8849.77,367040,2019-11-12 03:00:00
263,2184.4129782935142,8802.21,5663,8847.6,1573502400,8795.85,8845.4,192658,2019-11-12 04:00:00
264,1887.1726034579642,8822.28,5199,8838.48,1573506000,8802.22,8802.22,166470,2019-11-12 05:00:00
265,2029.059992650405,8798.86,4918,8823.12,1573509600,8786.52,8822.28,178668,2019-11-12 06:00:00
266,5941.194139196289,8813.12,12493,8815.0,1573513200,8770.0,8798.87,522344,2019-11-12 07:00:00
267,6798.56586240752,8820.0,14249,8850.0,1573516800,8791.82,8813.12,599716,2019-11-12 08:00:00
268,3940.592528481487,8818.6,8667,8834.3,1573520400,8800.0,8821.01,347384,2019-11-12 09:00:00
269,7815.497270703738,8827.89,14479,8865.58,1573524000,8817.75,8818.13,690898,2019-11-12 10:00:00
270,10031.067024500044,8814.75,18871,8847.49,1573527600,8780.2,8827.9,883920,2019-11-12 11:00:00
271,5622.238974234567,8818.41,11779,8837.0,1573531200,8794.38,8814.75,495666,2019-11-12 12:00:00
272,12427.794438596771,8828.75,22827,8875.0,1573534800,8810.6,8818.41,1099326,2019-11-12 13:00:00
273,5621.817424076803,8842.35,12040,8851.34,1573538400,8823.0,8828.75,496872,2019-11-12 14:00:00
274,5044.745975767506,8845.18,11956,8860.0,1573542000,8833.59,8842.35,446368,2019-11-12 15:00:00
275,5549.352239276156,8822.35,10650,8845.19,1573545600,8820.0,8845.18,490070,2019-11-12 16:00:00
276,13353.52460614804,8838.85,22088,8845.39,1573549200,8781.0,8822.35,1176804,2019-11-12 17:00:00
277,6862.86802690338,8822.0,13767,8850.0,1573552800,8820.0,8838.85,606426,2019-11-12 18:00:00
278,7124.320883102652,8821.08,14678,8831.85,1573556400,8796.83,8822.3,627828,2019-11-12 19:00:00
279,55168.8172085719,8803.51,75469,8985.0,1573560000,8734.83,8821.08,4881354,2019-11-12 20:00:00
280,21600.691619207275,8744.5,37527,8807.33,1573563600,8713.15,8803.51,1893644,2019-11-12 21:00:00
281,12268.259578175375,8758.25,23710,8786.29,1573567200,8722.0,8744.5,1074314,2019-11-12 22:00:00
282,40822.268272408895,8791.3,60315,8830.0,1573570800,8650.0,8758.24,3571040,2019-11-12 23:00:00
283,10879.051736224295,8803.51,20442,8820.0,1573574400,8772.09,8791.3,957234,2019-11-13 00:00:00
284,8947.230992018875,8833.63,15655,8865.0,1573578000,8796.24,8803.36,790238,2019-11-13 01:00:00
285,3410.4772834895043,8842.4,8101,8852.01,1573581600,8828.32,8833.12,301612,2019-11-13 02:00:00
286,4857.9860163212215,8866.93,10209,8886.0,1573585200,8841.51,8842.4,430754,2019-11-13 03:00:00
287,7512.908241004485,8890.41,14385,8925.0,1573588800,8849.08,8867.47,667770,2019-11-13 04:00:00
288,3494.955736301636,8859.99,7859,8894.79,1573592400,8853.31,8890.42,310186,2019-11-13 05:00:00
289,2612.7085972507957,8869.56,6855,8884.92,1573596000,8845.0,8860.0,231552,2019-11-13 06:00:00
290,6103.889640352228,8913.16,13578,8913.16,1573599600,8856.9,8869.57,542332,2019-11-13 07:00:00
291,10784.120241348717,8876.61,19944,8940.0,1573603200,8848.87,8913.16,957868,2019-11-13 08:00:00
292,4507.833710900732,8860.0,9710,8876.93,1573606800,8850.0,8876.93,399438,2019-11-13 09:00:00
293,8542.264718057973,8835.0,16023,8860.0,1573610400,8821.98,8860.0,754726,2019-11-13 10:00:00
294,4369.432867978976,8817.5,8259,8842.4,1573614000,8816.34,8834.99,385778,2019-11-13 11:00:00
295,7503.084964177734,8820.7,14171,8828.63,1573617600,8797.93,8817.49,661304,2019-11-13 12:00:00
296,4939.520848608031,8812.96,9344,8837.9,1573621200,8809.91,8821.43,436060,2019-11-13 13:00:00
297,6813.625463399389,8836.68,13296,8848.0,1573624800,8796.0,8812.96,601268,2019-11-13 14:00:00
298,6490.167442228049,8828.0,12514,8859.65,1573628400,8824.44,8836.69,573998,2019-11-13 15:00:00
299,12247.960321285744,8872.8,22931,8896.0,1573632000,8818.12,8828.64,1085804,2019-11-13 16:00:00
300,13198.557342467257,8867.55,23358,8897.88,1573635600,8824.33,8872.8,1169402,2019-11-13 17:00:00
301,11298.026083820556,8885.83,22178,8913.0,1573639200,8858.08,8867.56,1003970,2019-11-13 18:00:00
302,11054.190987536742,8858.35,21977,8885.83,1573642800,8836.0,8885.83,979296,2019-11-13 19:00:00
303,9608.768494973636,8848.5,19897,8893.42,1573646400,8831.0,8858.35,850954,2019-11-13 20:00:00
304,11801.30130700874,8841.19,21093,8848.51,1573650000,8808.0,8848.51,1041510,2019-11-13 21:00:00
305,7416.504587788543,8830.69,16126,8866.23,1573653600,8815.0,8841.19,655458,2019-11-13 22:00:00
306,4888.153397130838,8833.84,11663,8845.0,1573657200,8818.0,8830.69,431686,2019-11-13 23:00:00
307,5638.730837801195,8851.24,12768,8860.0,1573660800,8821.11,8833.85,498728,2019-11-14 00:00:00
308,5049.727094365832,8856.31,11355,8878.92,1573664400,8851.37,8851.38,447658,2019-11-14 01:00:00
309,2102.079360806157,8841.51,5533,8869.0,1573668000,8841.5,8856.62,186146,2019-11-14 02:00:00
310,2826.638022548993,8864.43,6706,8872.8,1573671600,8834.0,8841.5,250256,2019-11-14 03:00:00
311,4876.522814967544,8851.76,9827,8888.88,1573675200,8844.0,8865.77,432488,2019-11-14 04:00:00
312,1461.643262612817,8857.1,4566,8863.33,1573678800,8842.0,8851.76,129420,2019-11-14 05:00:00
313,1185.8107229293157,8851.76,3097,8857.1,1573682400,8841.12,8857.1,104938,2019-11-14 06:00:00
314,6448.769507726553,8869.72,14684,8888.0,1573686000,8850.78,8851.76,572444,2019-11-14 07:00:00
315,7199.446439780464,8866.54,14711,8896.13,1573689600,8860.0,8869.73,639132,2019-11-14 08:00:00
316,4778.159584488676,8845.0,10440,8876.98,1573693200,8845.0,8866.54,423482,2019-11-14 09:00:00
317,6983.106919603849,8847.1,13947,8855.99,1573696800,8832.0,8845.01,617474,2019-11-14 10:00:00
318,4237.589587576126,8858.2,10665,8866.0,1573700400,8840.89,8847.09,375182,2019-11-14 11:00:00
319,28567.32833327634,8776.45,48926,8867.73,1573704000,8745.0,8858.21,2512084,2019-11-14 12:00:00
320,16306.712198911735,8789.0,27209,8805.0,1573707600,8735.0,8776.45,1430344,2019-11-14 13:00:00
321,7411.0133657539,8782.51,14553,8815.8,1573711200,8766.0,8788.65,651278,2019-11-14 14:00:00
322,10036.402233284998,8752.0,18900,8792.07,1573714800,8738.56,8782.5,879606,2019-11-14 15:00:00
323,32865.166105456454,8702.39,54149,8754.09,1573718400,8668.0,8752.0,2863790,2019-11-14 16:00:00
324,11613.920717420298,8719.46,21385,8735.0,1573722000,8680.0,8702.39,1011678,2019-11-14 17:00:00
325,5549.081023746266,8706.26,11966,8736.99,1573725600,8702.01,8719.46,483908,2019-11-14 18:00:00
326,11229.048563120703,8728.0,22770,8728.0,1573729200,8677.71,8706.27,977352,2019-11-14 19:00:00
327,7402.846104646539,8719.38,17340,8728.35,1573732800,8689.9,8728.0,644792,2019-11-14 20:00:00
328,20976.238722403297,8772.86,37144,8798.0,1573736400,8704.56,8719.38,1837288,2019-11-14 21:00:00
329,8695.08443509215,8763.37,18425,8790.0,1573740000,8748.85,8772.87,762184,2019-11-14 22:00:00
330,15285.131133067063,8726.19,27248,8763.38,1573743600,8701.0,8763.38,1333740,2019-11-14 23:00:00
331,6839.170716134202,8741.0,13607,8749.04,1573747200,8712.14,8726.0,597120,2019-11-15 00:00:00
332,4016.616828554028,8747.36,7323,8752.78,1573750800,8741.01,8741.01,351346,2019-11-15 01:00:00
333,4550.176844828444,8727.71,9637,8750.92,1573754400,8708.28,8747.36,397078,2019-11-15 02:00:00
334,1793.8248488380507,8733.81,4599,8737.73,1573758000,8722.31,8727.69,156608,2019-11-15 03:00:00
335,3221.3823670509355,8756.66,6279,8763.82,1573761600,8733.8,8733.8,281816,2019-11-15 04:00:00
336,1663.3587147632709,8752.46,4142,8763.95,1573765200,8746.39,8757.46,145640,2019-11-15 05:00:00
337,1470.2029753425693,8747.92,3621,8756.4,1573768800,8736.29,8752.46,128560,2019-11-15 06:00:00
338,5462.017862251879,8726.37,11330,8775.0,1573772400,8726.36,8747.92,478090,2019-11-15 07:00:00
339,7308.398351227853,8701.0,14195,8745.75,1573776000,8701.0,8726.37,637280,2019-11-15 08:00:00
340,24438.398133086837,8631.94,34609,8712.34,1573779600,8588.0,8701.0,2117386,2019-11-15 09:00:00
341,28766.76301933629,8609.87,45459,8665.14,1573783200,8600.0,8631.39,2480018,2019-11-15 10:00:00
342,16633.30097592063,8628.01,30442,8649.9,1573786800,8580.0,8610.25,1434252,2019-11-15 11:00:00
343,5948.901827608476,8636.14,14284,8645.0,1573790400,8613.97,8628.01,513434,2019-11-15 12:00:00
344,7420.805028029805,8635.55,14205,8654.99,1573794000,8623.39,8636.13,641000,2019-11-15 13:00:00
345,13722.201680215538,8665.0,26221,8686.0,1573797600,8629.33,8635.55,1188604,2019-11-15 14:00:00
346,5825.8427849822665,8652.01,11633,8670.0,1573801200,8639.63,8665.0,504100,2019-11-15 15:00:00
347,13891.336478397332,8730.44,27475,8730.44,1573804800,8649.0,8652.0,1206248,2019-11-15 16:00:00
348,62611.80211016826,8698.91,85869,8909.9,1573808400,8665.0,8730.44,5493578,2019-11-15 17:00:00
349,18207.490102600383,8730.02,31917,8745.0,1573812000,8666.0,8698.91,1585300,2019-11-15 18:00:00
350,8872.408702161913,8698.45,18282,8743.0,1573815600,8698.44,8729.57,773686,2019-11-15 19:00:00
351,12723.540355122714,8745.02,23568,8755.0,1573819200,8698.44,8698.45,1110898,2019-11-15 20:00:00
352,11172.995511338882,8712.52,24386,8767.65,1573822800,8709.39,8745.0,976672,2019-11-15 21:00:00
353,77718.28240907205,8519.7,101674,8714.99,1573826400,8404.76,8712.51,6653966,2019-11-15 22:00:00
354,22509.71320242775,8535.01,36857,8548.0,1573830000,8463.5,8519.76,1917592,2019-11-15 23:00:00
